都道府県,スポット名,カテゴリ,説明,URL,評価
北海道,N/A,N/A,N/A,N/A,4.4
北海道,N/A,N/A,N/A,N/A,4.1
北海道,N/A,N/A,N/A,N/A,4.0
北海道,N/A,N/A,N/A,N/A,4.3
北海道,N/A,N/A,N/A,N/A,4.3
北海道,N/A,N/A,N/A,N/A,4.1
北海道,N/A,N/A,N/A,N/A,4.1
北海道,N/A,N/A,N/A,N/A,4.2
北海道,N/A,N/A,N/A,N/A,4.5
北海道,N/A,N/A,N/A,N/A,3.8
北海道,N/A,N/A,N/A,N/A,4.3
北海道,N/A,N/A,N/A,N/A,4.0
北海道,N/A,N/A,N/A,N/A,4.1
北海道,N/A,N/A,N/A,N/A,4.9
北海道,N/A,N/A,N/A,N/A,3.9
北海道,N/A,N/A,N/A,N/A,4.0
北海道,N/A,N/A,N/A,N/A,4.1
北海道,N/A,N/A,N/A,N/A,4.2
北海道,N/A,N/A,N/A,N/A,4.7
北海道,N/A,N/A,N/A,N/A,2.3
北海道,N/A,N/A,N/A,N/A,4.4
北海道,N/A,N/A,N/A,N/A,4.1
北海道,N/A,N/A,N/A,N/A,4.2
北海道,N/A,N/A,N/A,N/A,4.4
北海道,N/A,N/A,N/A,N/A,4.2
北海道,N/A,N/A,N/A,N/A,4.3
北海道,N/A,N/A,N/A,N/A,4.2
北海道,N/A,N/A,N/A,N/A,4.4
北海道,N/A,N/A,N/A,N/A,4.2
北海道,N/A,N/A,N/A,N/A,4.4
青森県,N/A,N/A,N/A,N/A,4.2
青森県,N/A,N/A,N/A,N/A,4.2
青森県,N/A,N/A,N/A,N/A,4.1
青森県,N/A,N/A,N/A,N/A,3.8
青森県,N/A,N/A,N/A,N/A,4.3
青森県,N/A,N/A,N/A,N/A,3.9
青森県,N/A,N/A,N/A,N/A,3.9
青森県,N/A,N/A,N/A,N/A,4.2
青森県,N/A,N/A,N/A,N/A,4.0
青森県,N/A,N/A,N/A,N/A,3.9
青森県,N/A,N/A,N/A,N/A,4.2
青森県,N/A,N/A,N/A,N/A,4.0
青森県,N/A,N/A,N/A,N/A,4.2
青森県,N/A,N/A,N/A,N/A,4.4
青森県,N/A,N/A,N/A,N/A,3.8
青森県,N/A,N/A,N/A,N/A,4.1
青森県,N/A,N/A,N/A,N/A,4.3
青森県,N/A,N/A,N/A,N/A,4.3
青森県,N/A,N/A,N/A,N/A,4.5
青森県,N/A,N/A,N/A,N/A,4.0
青森県,N/A,N/A,N/A,N/A,4.2
青森県,N/A,N/A,N/A,N/A,4.8
青森県,N/A,N/A,N/A,N/A,4.0
青森県,N/A,N/A,N/A,N/A,4.1
青森県,N/A,N/A,N/A,N/A,4.1
青森県,N/A,N/A,N/A,N/A,4.0
青森県,N/A,N/A,N/A,N/A,3.0
青森県,N/A,N/A,N/A,N/A,4.3
青森県,N/A,N/A,N/A,N/A,4.1
青森県,N/A,N/A,N/A,N/A,4.9
岩手県,N/A,N/A,N/A,N/A,4.0
岩手県,N/A,N/A,N/A,N/A,4.0
岩手県,N/A,N/A,N/A,N/A,4.7
岩手県,N/A,N/A,N/A,N/A,4.2
岩手県,N/A,N/A,N/A,N/A,4.4
岩手県,N/A,N/A,N/A,N/A,4.4
岩手県,N/A,N/A,N/A,N/A,4.2
岩手県,N/A,N/A,N/A,N/A,4.1
岩手県,N/A,N/A,N/A,N/A,4.3
岩手県,N/A,N/A,N/A,N/A,3.9
岩手県,N/A,N/A,N/A,N/A,4.3
岩手県,N/A,N/A,N/A,N/A,4.1
岩手県,N/A,N/A,N/A,N/A,4.4
岩手県,N/A,N/A,N/A,N/A,4.2
岩手県,N/A,N/A,N/A,N/A,4.4
岩手県,N/A,N/A,N/A,N/A,4.4
岩手県,N/A,N/A,N/A,N/A,4.3
岩手県,N/A,N/A,N/A,N/A,4.8
岩手県,N/A,N/A,N/A,N/A,4.0
岩手県,N/A,N/A,N/A,N/A,4.2
岩手県,N/A,N/A,N/A,N/A,4.4
岩手県,N/A,N/A,N/A,N/A,4.2
岩手県,N/A,N/A,N/A,N/A,4.2
岩手県,N/A,N/A,N/A,N/A,4.4
岩手県,N/A,N/A,N/A,N/A,3.9
岩手県,N/A,N/A,N/A,N/A,3.9
岩手県,N/A,N/A,N/A,N/A,4.2
岩手県,N/A,N/A,N/A,N/A,4.2
岩手県,N/A,N/A,N/A,N/A,4.1
岩手県,N/A,N/A,N/A,N/A,4.2
宮城県,N/A,N/A,N/A,N/A,4.6
宮城県,N/A,N/A,N/A,N/A,4.4
宮城県,N/A,N/A,N/A,N/A,4.0
宮城県,N/A,N/A,N/A,N/A,4.3
宮城県,N/A,N/A,N/A,N/A,4.2
宮城県,N/A,N/A,N/A,N/A,4.2
宮城県,N/A,N/A,N/A,N/A,4.2
宮城県,N/A,N/A,N/A,N/A,4.1
宮城県,N/A,N/A,N/A,N/A,4.2
宮城県,N/A,N/A,N/A,N/A,3.9
宮城県,N/A,N/A,N/A,N/A,0.0
宮城県,N/A,N/A,N/A,N/A,4.4
宮城県,N/A,N/A,N/A,N/A,4.3
宮城県,N/A,N/A,N/A,N/A,4.1
宮城県,N/A,N/A,N/A,N/A,4.8
宮城県,N/A,N/A,N/A,N/A,4.4
宮城県,N/A,N/A,N/A,N/A,4.3
宮城県,N/A,N/A,N/A,N/A,4.4
宮城県,N/A,N/A,N/A,N/A,4.0
宮城県,N/A,N/A,N/A,N/A,4.1
宮城県,N/A,N/A,N/A,N/A,4.3
宮城県,N/A,N/A,N/A,N/A,4.2
宮城県,N/A,N/A,N/A,N/A,3.7
宮城県,N/A,N/A,N/A,N/A,4.1
宮城県,N/A,N/A,N/A,N/A,4.4
宮城県,N/A,N/A,N/A,N/A,3.7
宮城県,N/A,N/A,N/A,N/A,4.2
宮城県,N/A,N/A,N/A,N/A,4.4
宮城県,N/A,N/A,N/A,N/A,4.3
宮城県,N/A,N/A,N/A,N/A,4.1
秋田県,N/A,N/A,N/A,N/A,4.1
秋田県,N/A,N/A,N/A,N/A,4.2
秋田県,N/A,N/A,N/A,N/A,3.8
秋田県,N/A,N/A,N/A,N/A,4.1
秋田県,N/A,N/A,N/A,N/A,4.4
秋田県,N/A,N/A,N/A,N/A,4.2
秋田県,N/A,N/A,N/A,N/A,4.0
秋田県,N/A,N/A,N/A,N/A,4.0
秋田県,N/A,N/A,N/A,N/A,4.1
秋田県,N/A,N/A,N/A,N/A,4.4
秋田県,N/A,N/A,N/A,N/A,4.2
秋田県,N/A,N/A,N/A,N/A,4.3
秋田県,N/A,N/A,N/A,N/A,4.6
秋田県,N/A,N/A,N/A,N/A,4.3
秋田県,N/A,N/A,N/A,N/A,4.1
秋田県,N/A,N/A,N/A,N/A,4.3
秋田県,N/A,N/A,N/A,N/A,4.3
秋田県,N/A,N/A,N/A,N/A,4.2
秋田県,N/A,N/A,N/A,N/A,3.9
秋田県,N/A,N/A,N/A,N/A,3.9
秋田県,N/A,N/A,N/A,N/A,5.0
秋田県,N/A,N/A,N/A,N/A,4.3
秋田県,N/A,N/A,N/A,N/A,4.1
秋田県,N/A,N/A,N/A,N/A,3.9
秋田県,N/A,N/A,N/A,N/A,4.1
秋田県,N/A,N/A,N/A,N/A,4.4
秋田県,N/A,N/A,N/A,N/A,3.8
秋田県,N/A,N/A,N/A,N/A,4.0
秋田県,N/A,N/A,N/A,N/A,4.0
秋田県,N/A,N/A,N/A,N/A,4.1
山形県,N/A,N/A,N/A,N/A,4.7
山形県,N/A,N/A,N/A,N/A,4.3
山形県,N/A,N/A,N/A,N/A,4.2
山形県,N/A,N/A,N/A,N/A,4.4
山形県,N/A,N/A,N/A,N/A,4.3
山形県,N/A,N/A,N/A,N/A,4.5
山形県,N/A,N/A,N/A,N/A,4.2
山形県,N/A,N/A,N/A,N/A,4.3
山形県,N/A,N/A,N/A,N/A,3.8
山形県,N/A,N/A,N/A,N/A,4.2
山形県,N/A,N/A,N/A,N/A,4.1
山形県,N/A,N/A,N/A,N/A,4.0
山形県,N/A,N/A,N/A,N/A,4.8
山形県,N/A,N/A,N/A,N/A,4.1
山形県,N/A,N/A,N/A,N/A,4.4
山形県,N/A,N/A,N/A,N/A,4.3
山形県,N/A,N/A,N/A,N/A,4.2
山形県,N/A,N/A,N/A,N/A,4.1
山形県,N/A,N/A,N/A,N/A,5.0
山形県,N/A,N/A,N/A,N/A,4.2
山形県,N/A,N/A,N/A,N/A,0.0
山形県,N/A,N/A,N/A,N/A,4.9
山形県,N/A,N/A,N/A,N/A,3.9
山形県,N/A,N/A,N/A,N/A,3.8
山形県,N/A,N/A,N/A,N/A,4.2
山形県,N/A,N/A,N/A,N/A,4.5
山形県,N/A,N/A,N/A,N/A,4.3
山形県,N/A,N/A,N/A,N/A,4.3
山形県,N/A,N/A,N/A,N/A,4.4
山形県,N/A,N/A,N/A,N/A,4.2
福島県,N/A,N/A,N/A,N/A,4.2
福島県,N/A,N/A,N/A,N/A,5.0
福島県,N/A,N/A,N/A,N/A,4.1
福島県,N/A,N/A,N/A,N/A,4.0
福島県,N/A,N/A,N/A,N/A,4.0
福島県,N/A,N/A,N/A,N/A,4.4
福島県,N/A,N/A,N/A,N/A,4.0
福島県,N/A,N/A,N/A,N/A,4.1
福島県,N/A,N/A,N/A,N/A,4.2
福島県,N/A,N/A,N/A,N/A,3.9
福島県,N/A,N/A,N/A,N/A,3.8
福島県,N/A,N/A,N/A,N/A,4.0
福島県,N/A,N/A,N/A,N/A,3.9
福島県,N/A,N/A,N/A,N/A,3.8
福島県,N/A,N/A,N/A,N/A,4.6
福島県,N/A,N/A,N/A,N/A,4.6
福島県,N/A,N/A,N/A,N/A,3.9
福島県,N/A,N/A,N/A,N/A,4.0
福島県,N/A,N/A,N/A,N/A,4.0
福島県,N/A,N/A,N/A,N/A,4.0
福島県,N/A,N/A,N/A,N/A,4.2
福島県,N/A,N/A,N/A,N/A,3.9
福島県,N/A,N/A,N/A,N/A,4.4
福島県,N/A,N/A,N/A,N/A,4.3
福島県,N/A,N/A,N/A,N/A,3.4
福島県,N/A,N/A,N/A,N/A,4.0
福島県,N/A,N/A,N/A,N/A,4.2
福島県,N/A,N/A,N/A,N/A,4.1
福島県,N/A,N/A,N/A,N/A,3.9
福島県,N/A,N/A,N/A,N/A,4.2
茨城県,N/A,N/A,N/A,N/A,4.1
茨城県,N/A,N/A,N/A,N/A,4.2
茨城県,N/A,N/A,N/A,N/A,4.2
茨城県,N/A,N/A,N/A,N/A,4.0
茨城県,N/A,N/A,N/A,N/A,4.4
茨城県,N/A,N/A,N/A,N/A,3.3
茨城県,N/A,N/A,N/A,N/A,4.1
茨城県,N/A,N/A,N/A,N/A,4.4
茨城県,N/A,N/A,N/A,N/A,4.0
茨城県,N/A,N/A,N/A,N/A,4.0
茨城県,N/A,N/A,N/A,N/A,4.6
茨城県,N/A,N/A,N/A,N/A,3.9
茨城県,N/A,N/A,N/A,N/A,4.2
茨城県,N/A,N/A,N/A,N/A,4.0
茨城県,N/A,N/A,N/A,N/A,4.3
茨城県,N/A,N/A,N/A,N/A,4.4
茨城県,N/A,N/A,N/A,N/A,4.2
茨城県,N/A,N/A,N/A,N/A,3.7
茨城県,N/A,N/A,N/A,N/A,3.9
茨城県,N/A,N/A,N/A,N/A,4.1
茨城県,N/A,N/A,N/A,N/A,4.0
茨城県,N/A,N/A,N/A,N/A,4.1
茨城県,N/A,N/A,N/A,N/A,3.8
茨城県,N/A,N/A,N/A,N/A,4.0
茨城県,N/A,N/A,N/A,N/A,4.2
茨城県,N/A,N/A,N/A,N/A,4.2
茨城県,N/A,N/A,N/A,N/A,3.8
茨城県,N/A,N/A,N/A,N/A,4.1
茨城県,N/A,N/A,N/A,N/A,4.1
茨城県,N/A,N/A,N/A,N/A,4.0
栃木県,N/A,N/A,N/A,N/A,3.9
栃木県,N/A,N/A,N/A,N/A,4.5
栃木県,N/A,N/A,N/A,N/A,4.2
栃木県,N/A,N/A,N/A,N/A,3.8
栃木県,N/A,N/A,N/A,N/A,4.1
栃木県,N/A,N/A,N/A,N/A,4.5
栃木県,N/A,N/A,N/A,N/A,4.3
栃木県,N/A,N/A,N/A,N/A,4.2
栃木県,N/A,N/A,N/A,N/A,4.1
栃木県,N/A,N/A,N/A,N/A,4.1
栃木県,N/A,N/A,N/A,N/A,4.6
栃木県,N/A,N/A,N/A,N/A,4.0
栃木県,N/A,N/A,N/A,N/A,4.2
栃木県,N/A,N/A,N/A,N/A,4.2
栃木県,N/A,N/A,N/A,N/A,3.8
栃木県,N/A,N/A,N/A,N/A,4.9
栃木県,N/A,N/A,N/A,N/A,4.0
栃木県,N/A,N/A,N/A,N/A,4.1
栃木県,N/A,N/A,N/A,N/A,4.5
栃木県,N/A,N/A,N/A,N/A,3.6
栃木県,N/A,N/A,N/A,N/A,4.3
栃木県,N/A,N/A,N/A,N/A,4.0
栃木県,N/A,N/A,N/A,N/A,4.0
栃木県,N/A,N/A,N/A,N/A,4.1
栃木県,N/A,N/A,N/A,N/A,4.1
栃木県,N/A,N/A,N/A,N/A,3.9
栃木県,N/A,N/A,N/A,N/A,4.4
栃木県,N/A,N/A,N/A,N/A,4.6
栃木県,N/A,N/A,N/A,N/A,4.3
栃木県,N/A,N/A,N/A,N/A,4.0
群馬県,N/A,N/A,N/A,N/A,4.2
群馬県,N/A,N/A,N/A,N/A,4.3
群馬県,N/A,N/A,N/A,N/A,4.2
群馬県,N/A,N/A,N/A,N/A,3.9
群馬県,N/A,N/A,N/A,N/A,4.3
群馬県,N/A,N/A,N/A,N/A,3.6
群馬県,N/A,N/A,N/A,N/A,4.1
群馬県,N/A,N/A,N/A,N/A,2.3
群馬県,N/A,N/A,N/A,N/A,4.3
群馬県,N/A,N/A,N/A,N/A,3.9
群馬県,N/A,N/A,N/A,N/A,3.6
群馬県,N/A,N/A,N/A,N/A,4.3
群馬県,N/A,N/A,N/A,N/A,3.6
群馬県,N/A,N/A,N/A,N/A,4.4
群馬県,N/A,N/A,N/A,N/A,4.3
群馬県,N/A,N/A,N/A,N/A,4.2
群馬県,N/A,N/A,N/A,N/A,4.2
群馬県,N/A,N/A,N/A,N/A,4.0
群馬県,N/A,N/A,N/A,N/A,3.9
群馬県,N/A,N/A,N/A,N/A,4.0
群馬県,N/A,N/A,N/A,N/A,4.8
群馬県,N/A,N/A,N/A,N/A,4.6
群馬県,N/A,N/A,N/A,N/A,4.8
群馬県,N/A,N/A,N/A,N/A,4.0
群馬県,N/A,N/A,N/A,N/A,4.6
群馬県,N/A,N/A,N/A,N/A,4.0
群馬県,N/A,N/A,N/A,N/A,4.1
群馬県,N/A,N/A,N/A,N/A,4.1
群馬県,N/A,N/A,N/A,N/A,4.0
群馬県,N/A,N/A,N/A,N/A,3.6
埼玉県,N/A,N/A,N/A,N/A,4.1
埼玉県,N/A,N/A,N/A,N/A,4.9
埼玉県,N/A,N/A,N/A,N/A,4.4
埼玉県,N/A,N/A,N/A,N/A,3.5
埼玉県,N/A,N/A,N/A,N/A,4.9
埼玉県,N/A,N/A,N/A,N/A,4.7
埼玉県,N/A,N/A,N/A,N/A,5.0
埼玉県,N/A,N/A,N/A,N/A,4.8
埼玉県,N/A,N/A,N/A,N/A,4.9
埼玉県,N/A,N/A,N/A,N/A,4.7
埼玉県,N/A,N/A,N/A,N/A,5.0
埼玉県,N/A,N/A,N/A,N/A,4.8
埼玉県,N/A,N/A,N/A,N/A,4.1
埼玉県,N/A,N/A,N/A,N/A,4.1
埼玉県,N/A,N/A,N/A,N/A,4.4
埼玉県,N/A,N/A,N/A,N/A,4.8
埼玉県,N/A,N/A,N/A,N/A,4.2
埼玉県,N/A,N/A,N/A,N/A,4.3
埼玉県,N/A,N/A,N/A,N/A,4.3
埼玉県,N/A,N/A,N/A,N/A,3.5
埼玉県,N/A,N/A,N/A,N/A,4.9
埼玉県,N/A,N/A,N/A,N/A,4.7
埼玉県,N/A,N/A,N/A,N/A,3.9
埼玉県,N/A,N/A,N/A,N/A,4.1
埼玉県,N/A,N/A,N/A,N/A,4.8
埼玉県,N/A,N/A,N/A,N/A,4.2
埼玉県,N/A,N/A,N/A,N/A,4.4
埼玉県,N/A,N/A,N/A,N/A,3.8
埼玉県,N/A,N/A,N/A,N/A,4.3
埼玉県,N/A,N/A,N/A,N/A,3.8
千葉県,N/A,N/A,N/A,N/A,4.7
千葉県,N/A,N/A,N/A,N/A,4.6
千葉県,N/A,N/A,N/A,N/A,4.6
千葉県,N/A,N/A,N/A,N/A,4.3
千葉県,N/A,N/A,N/A,N/A,4.4
千葉県,N/A,N/A,N/A,N/A,4.2
千葉県,N/A,N/A,N/A,N/A,5.0
千葉県,N/A,N/A,N/A,N/A,4.9
千葉県,N/A,N/A,N/A,N/A,4.2
千葉県,N/A,N/A,N/A,N/A,4.1
千葉県,N/A,N/A,N/A,N/A,4.0
千葉県,N/A,N/A,N/A,N/A,4.0
千葉県,N/A,N/A,N/A,N/A,4.0
千葉県,N/A,N/A,N/A,N/A,4.3
千葉県,N/A,N/A,N/A,N/A,4.1
千葉県,N/A,N/A,N/A,N/A,4.1
千葉県,N/A,N/A,N/A,N/A,4.4
千葉県,N/A,N/A,N/A,N/A,4.4
千葉県,N/A,N/A,N/A,N/A,4.1
千葉県,N/A,N/A,N/A,N/A,4.4
千葉県,N/A,N/A,N/A,N/A,4.8
千葉県,N/A,N/A,N/A,N/A,3.8
千葉県,N/A,N/A,N/A,N/A,3.8
千葉県,N/A,N/A,N/A,N/A,4.1
千葉県,N/A,N/A,N/A,N/A,4.0
千葉県,N/A,N/A,N/A,N/A,4.6
千葉県,N/A,N/A,N/A,N/A,4.0
千葉県,N/A,N/A,N/A,N/A,3.9
千葉県,N/A,N/A,N/A,N/A,4.8
千葉県,N/A,N/A,N/A,N/A,4.1
東京都,N/A,N/A,N/A,N/A,4.3
東京都,N/A,N/A,N/A,N/A,4.0
東京都,N/A,N/A,N/A,N/A,4.0
東京都,N/A,N/A,N/A,N/A,3.9
東京都,N/A,N/A,N/A,N/A,3.8
東京都,N/A,N/A,N/A,N/A,4.2
東京都,N/A,N/A,N/A,N/A,4.1
東京都,N/A,N/A,N/A,N/A,4.3
東京都,N/A,N/A,N/A,N/A,4.1
東京都,N/A,N/A,N/A,N/A,3.8
東京都,N/A,N/A,N/A,N/A,5.0
東京都,N/A,N/A,N/A,N/A,4.3
東京都,N/A,N/A,N/A,N/A,4.0
東京都,N/A,N/A,N/A,N/A,4.2
東京都,N/A,N/A,N/A,N/A,4.3
東京都,N/A,N/A,N/A,N/A,3.8
東京都,N/A,N/A,N/A,N/A,3.5
東京都,N/A,N/A,N/A,N/A,4.3
東京都,N/A,N/A,N/A,N/A,3.7
東京都,N/A,N/A,N/A,N/A,4.0
東京都,N/A,N/A,N/A,N/A,4.1
東京都,N/A,N/A,N/A,N/A,4.7
東京都,N/A,N/A,N/A,N/A,4.0
東京都,N/A,N/A,N/A,N/A,4.5
東京都,N/A,N/A,N/A,N/A,0.0
東京都,N/A,N/A,N/A,N/A,4.4
東京都,N/A,N/A,N/A,N/A,4.3
東京都,N/A,N/A,N/A,N/A,4.8
東京都,N/A,N/A,N/A,N/A,4.1
東京都,N/A,N/A,N/A,N/A,4.9
神奈川県,N/A,N/A,N/A,N/A,4.7
神奈川県,N/A,N/A,N/A,N/A,3.7
神奈川県,N/A,N/A,N/A,N/A,0.0
神奈川県,N/A,N/A,N/A,N/A,4.4
神奈川県,N/A,N/A,N/A,N/A,4.8
神奈川県,N/A,N/A,N/A,N/A,4.2
神奈川県,N/A,N/A,N/A,N/A,4.1
神奈川県,N/A,N/A,N/A,N/A,4.2
神奈川県,N/A,N/A,N/A,N/A,4.7
神奈川県,N/A,N/A,N/A,N/A,4.1
神奈川県,N/A,N/A,N/A,N/A,4.1
神奈川県,N/A,N/A,N/A,N/A,4.2
神奈川県,N/A,N/A,N/A,N/A,4.2
神奈川県,N/A,N/A,N/A,N/A,4.2
神奈川県,N/A,N/A,N/A,N/A,4.3
神奈川県,N/A,N/A,N/A,N/A,4.1
神奈川県,N/A,N/A,N/A,N/A,4.0
神奈川県,N/A,N/A,N/A,N/A,4.3
神奈川県,N/A,N/A,N/A,N/A,4.2
神奈川県,N/A,N/A,N/A,N/A,3.8
神奈川県,N/A,N/A,N/A,N/A,4.1
神奈川県,N/A,N/A,N/A,N/A,4.2
神奈川県,N/A,N/A,N/A,N/A,3.8
神奈川県,N/A,N/A,N/A,N/A,3.7
神奈川県,N/A,N/A,N/A,N/A,3.9
神奈川県,N/A,N/A,N/A,N/A,4.0
神奈川県,N/A,N/A,N/A,N/A,4.1
神奈川県,N/A,N/A,N/A,N/A,4.2
神奈川県,N/A,N/A,N/A,N/A,4.3
神奈川県,N/A,N/A,N/A,N/A,4.0
新潟県,N/A,N/A,N/A,N/A,4.5
新潟県,N/A,N/A,N/A,N/A,4.2
新潟県,N/A,N/A,N/A,N/A,4.5
新潟県,N/A,N/A,N/A,N/A,4.0
新潟県,N/A,N/A,N/A,N/A,4.3
新潟県,N/A,N/A,N/A,N/A,4.2
新潟県,N/A,N/A,N/A,N/A,4.0
新潟県,N/A,N/A,N/A,N/A,4.2
新潟県,N/A,N/A,N/A,N/A,3.6
新潟県,N/A,N/A,N/A,N/A,4.2
新潟県,N/A,N/A,N/A,N/A,3.9
新潟県,N/A,N/A,N/A,N/A,4.1
新潟県,N/A,N/A,N/A,N/A,3.6
新潟県,N/A,N/A,N/A,N/A,4.2
新潟県,N/A,N/A,N/A,N/A,3.9
新潟県,N/A,N/A,N/A,N/A,4.8
新潟県,N/A,N/A,N/A,N/A,4.3
新潟県,N/A,N/A,N/A,N/A,4.2
新潟県,N/A,N/A,N/A,N/A,4.3
新潟県,N/A,N/A,N/A,N/A,4.7
新潟県,N/A,N/A,N/A,N/A,4.4
新潟県,N/A,N/A,N/A,N/A,4.1
新潟県,N/A,N/A,N/A,N/A,4.2
新潟県,N/A,N/A,N/A,N/A,4.5
新潟県,N/A,N/A,N/A,N/A,4.8
新潟県,N/A,N/A,N/A,N/A,4.4
新潟県,N/A,N/A,N/A,N/A,3.9
新潟県,N/A,N/A,N/A,N/A,4.0
新潟県,N/A,N/A,N/A,N/A,4.2
新潟県,N/A,N/A,N/A,N/A,4.7
富山県,N/A,N/A,N/A,N/A,3.7
富山県,N/A,N/A,N/A,N/A,4.3
富山県,N/A,N/A,N/A,N/A,4.5
富山県,N/A,N/A,N/A,N/A,4.3
富山県,N/A,N/A,N/A,N/A,4.2
富山県,N/A,N/A,N/A,N/A,4.1
富山県,N/A,N/A,N/A,N/A,3.7
富山県,N/A,N/A,N/A,N/A,4.3
富山県,N/A,N/A,N/A,N/A,4.2
富山県,N/A,N/A,N/A,N/A,4.2
富山県,N/A,N/A,N/A,N/A,4.1
富山県,N/A,N/A,N/A,N/A,4.3
富山県,N/A,N/A,N/A,N/A,4.5
富山県,N/A,N/A,N/A,N/A,4.1
富山県,N/A,N/A,N/A,N/A,4.0
富山県,N/A,N/A,N/A,N/A,4.3
富山県,N/A,N/A,N/A,N/A,4.1
富山県,N/A,N/A,N/A,N/A,4.1
富山県,N/A,N/A,N/A,N/A,4.6
富山県,N/A,N/A,N/A,N/A,4.4
富山県,N/A,N/A,N/A,N/A,4.2
富山県,N/A,N/A,N/A,N/A,4.4
富山県,N/A,N/A,N/A,N/A,3.8
富山県,N/A,N/A,N/A,N/A,4.1
富山県,N/A,N/A,N/A,N/A,4.1
富山県,N/A,N/A,N/A,N/A,4.2
富山県,N/A,N/A,N/A,N/A,4.0
富山県,N/A,N/A,N/A,N/A,4.0
富山県,N/A,N/A,N/A,N/A,3.1
富山県,N/A,N/A,N/A,N/A,4.4
石川県,N/A,N/A,N/A,N/A,4.3
石川県,N/A,N/A,N/A,N/A,4.0
石川県,N/A,N/A,N/A,N/A,4.2
石川県,N/A,N/A,N/A,N/A,4.4
石川県,N/A,N/A,N/A,N/A,4.3
石川県,N/A,N/A,N/A,N/A,4.0
石川県,N/A,N/A,N/A,N/A,4.1
石川県,N/A,N/A,N/A,N/A,4.2
石川県,N/A,N/A,N/A,N/A,4.2
石川県,N/A,N/A,N/A,N/A,4.0
石川県,N/A,N/A,N/A,N/A,4.1
石川県,N/A,N/A,N/A,N/A,3.9
石川県,N/A,N/A,N/A,N/A,4.0
石川県,N/A,N/A,N/A,N/A,4.1
石川県,N/A,N/A,N/A,N/A,4.0
石川県,N/A,N/A,N/A,N/A,4.0
石川県,N/A,N/A,N/A,N/A,4.1
石川県,N/A,N/A,N/A,N/A,3.9
石川県,N/A,N/A,N/A,N/A,4.8
石川県,N/A,N/A,N/A,N/A,4.0
石川県,N/A,N/A,N/A,N/A,4.6
石川県,N/A,N/A,N/A,N/A,4.1
石川県,N/A,N/A,N/A,N/A,4.2
石川県,N/A,N/A,N/A,N/A,3.0
石川県,N/A,N/A,N/A,N/A,4.1
石川県,N/A,N/A,N/A,N/A,4.3
石川県,N/A,N/A,N/A,N/A,4.0
石川県,N/A,N/A,N/A,N/A,3.8
石川県,N/A,N/A,N/A,N/A,3.7
石川県,N/A,N/A,N/A,N/A,4.3
福井県,N/A,N/A,N/A,N/A,4.6
福井県,N/A,N/A,N/A,N/A,4.2
福井県,N/A,N/A,N/A,N/A,4.1
福井県,N/A,N/A,N/A,N/A,4.5
福井県,N/A,N/A,N/A,N/A,4.1
福井県,N/A,N/A,N/A,N/A,4.1
福井県,N/A,N/A,N/A,N/A,3.6
福井県,N/A,N/A,N/A,N/A,4.0
福井県,N/A,N/A,N/A,N/A,4.1
福井県,N/A,N/A,N/A,N/A,4.3
福井県,N/A,N/A,N/A,N/A,4.2
福井県,N/A,N/A,N/A,N/A,4.0
福井県,N/A,N/A,N/A,N/A,4.4
福井県,N/A,N/A,N/A,N/A,4.1
福井県,N/A,N/A,N/A,N/A,3.7
福井県,N/A,N/A,N/A,N/A,4.9
福井県,N/A,N/A,N/A,N/A,4.3
福井県,N/A,N/A,N/A,N/A,3.9
福井県,N/A,N/A,N/A,N/A,4.2
福井県,N/A,N/A,N/A,N/A,4.1
福井県,N/A,N/A,N/A,N/A,4.9
福井県,N/A,N/A,N/A,N/A,4.0
福井県,N/A,N/A,N/A,N/A,4.0
福井県,N/A,N/A,N/A,N/A,3.9
福井県,N/A,N/A,N/A,N/A,4.0
福井県,N/A,N/A,N/A,N/A,3.6
福井県,N/A,N/A,N/A,N/A,4.2
福井県,N/A,N/A,N/A,N/A,3.9
福井県,N/A,N/A,N/A,N/A,3.9
福井県,N/A,N/A,N/A,N/A,3.8
山梨県,N/A,N/A,N/A,N/A,4.9
山梨県,N/A,N/A,N/A,N/A,4.9
山梨県,N/A,N/A,N/A,N/A,4.9
山梨県,N/A,N/A,N/A,N/A,4.0
山梨県,N/A,N/A,N/A,N/A,4.5
山梨県,N/A,N/A,N/A,N/A,4.3
山梨県,N/A,N/A,N/A,N/A,4.2
山梨県,N/A,N/A,N/A,N/A,4.0
山梨県,N/A,N/A,N/A,N/A,4.2
山梨県,N/A,N/A,N/A,N/A,4.0
山梨県,N/A,N/A,N/A,N/A,4.2
山梨県,N/A,N/A,N/A,N/A,4.2
山梨県,N/A,N/A,N/A,N/A,4.1
山梨県,N/A,N/A,N/A,N/A,4.0
山梨県,N/A,N/A,N/A,N/A,4.3
山梨県,N/A,N/A,N/A,N/A,3.7
山梨県,N/A,N/A,N/A,N/A,4.2
山梨県,N/A,N/A,N/A,N/A,4.0
山梨県,N/A,N/A,N/A,N/A,4.5
山梨県,N/A,N/A,N/A,N/A,4.1
山梨県,N/A,N/A,N/A,N/A,4.9
山梨県,N/A,N/A,N/A,N/A,4.0
山梨県,N/A,N/A,N/A,N/A,4.2
山梨県,N/A,N/A,N/A,N/A,3.8
山梨県,N/A,N/A,N/A,N/A,4.2
山梨県,N/A,N/A,N/A,N/A,4.6
山梨県,N/A,N/A,N/A,N/A,4.2
山梨県,N/A,N/A,N/A,N/A,3.9
山梨県,N/A,N/A,N/A,N/A,4.8
山梨県,N/A,N/A,N/A,N/A,4.8
長野県,N/A,N/A,N/A,N/A,4.4
長野県,N/A,N/A,N/A,N/A,4.4
長野県,N/A,N/A,N/A,N/A,4.1
長野県,N/A,N/A,N/A,N/A,3.2
長野県,N/A,N/A,N/A,N/A,4.6
長野県,N/A,N/A,N/A,N/A,4.5
長野県,N/A,N/A,N/A,N/A,3.6
長野県,N/A,N/A,N/A,N/A,4.0
長野県,N/A,N/A,N/A,N/A,4.2
長野県,N/A,N/A,N/A,N/A,4.0
長野県,N/A,N/A,N/A,N/A,4.2
長野県,N/A,N/A,N/A,N/A,4.0
長野県,N/A,N/A,N/A,N/A,4.9
長野県,N/A,N/A,N/A,N/A,3.9
長野県,N/A,N/A,N/A,N/A,4.2
長野県,N/A,N/A,N/A,N/A,4.1
長野県,N/A,N/A,N/A,N/A,4.1
長野県,N/A,N/A,N/A,N/A,4.0
長野県,N/A,N/A,N/A,N/A,4.7
長野県,N/A,N/A,N/A,N/A,5.0
長野県,N/A,N/A,N/A,N/A,3.8
長野県,N/A,N/A,N/A,N/A,4.1
長野県,N/A,N/A,N/A,N/A,4.1
長野県,N/A,N/A,N/A,N/A,4.5
長野県,N/A,N/A,N/A,N/A,3.8
長野県,N/A,N/A,N/A,N/A,3.9
長野県,N/A,N/A,N/A,N/A,4.2
長野県,N/A,N/A,N/A,N/A,4.5
長野県,N/A,N/A,N/A,N/A,4.5
長野県,N/A,N/A,N/A,N/A,4.0
岐阜県,N/A,N/A,N/A,N/A,4.1
岐阜県,N/A,N/A,N/A,N/A,4.5
岐阜県,N/A,N/A,N/A,N/A,4.2
岐阜県,N/A,N/A,N/A,N/A,4.1
岐阜県,N/A,N/A,N/A,N/A,3.8
岐阜県,N/A,N/A,N/A,N/A,3.9
岐阜県,N/A,N/A,N/A,N/A,4.4
岐阜県,N/A,N/A,N/A,N/A,4.3
岐阜県,N/A,N/A,N/A,N/A,4.4
岐阜県,N/A,N/A,N/A,N/A,3.2
岐阜県,N/A,N/A,N/A,N/A,4.1
岐阜県,N/A,N/A,N/A,N/A,4.3
岐阜県,N/A,N/A,N/A,N/A,4.1
岐阜県,N/A,N/A,N/A,N/A,4.2
岐阜県,N/A,N/A,N/A,N/A,4.0
岐阜県,N/A,N/A,N/A,N/A,3.2
岐阜県,N/A,N/A,N/A,N/A,4.1
岐阜県,N/A,N/A,N/A,N/A,3.9
岐阜県,N/A,N/A,N/A,N/A,4.3
岐阜県,N/A,N/A,N/A,N/A,3.9
岐阜県,N/A,N/A,N/A,N/A,4.3
岐阜県,N/A,N/A,N/A,N/A,4.2
岐阜県,N/A,N/A,N/A,N/A,3.9
岐阜県,N/A,N/A,N/A,N/A,4.0
岐阜県,N/A,N/A,N/A,N/A,4.1
岐阜県,N/A,N/A,N/A,N/A,4.1
岐阜県,N/A,N/A,N/A,N/A,4.4
岐阜県,N/A,N/A,N/A,N/A,4.2
岐阜県,N/A,N/A,N/A,N/A,4.0
岐阜県,N/A,N/A,N/A,N/A,4.2
静岡県,N/A,N/A,N/A,N/A,3.8
静岡県,N/A,N/A,N/A,N/A,4.7
静岡県,N/A,N/A,N/A,N/A,4.0
静岡県,N/A,N/A,N/A,N/A,4.3
静岡県,N/A,N/A,N/A,N/A,4.3
静岡県,N/A,N/A,N/A,N/A,4.0
静岡県,N/A,N/A,N/A,N/A,5.0
静岡県,N/A,N/A,N/A,N/A,3.9
静岡県,N/A,N/A,N/A,N/A,4.2
静岡県,N/A,N/A,N/A,N/A,4.9
静岡県,N/A,N/A,N/A,N/A,4.0
静岡県,N/A,N/A,N/A,N/A,3.9
静岡県,N/A,N/A,N/A,N/A,4.3
静岡県,N/A,N/A,N/A,N/A,4.2
静岡県,N/A,N/A,N/A,N/A,4.3
静岡県,N/A,N/A,N/A,N/A,4.0
静岡県,N/A,N/A,N/A,N/A,4.0
静岡県,N/A,N/A,N/A,N/A,4.3
静岡県,N/A,N/A,N/A,N/A,4.3
静岡県,N/A,N/A,N/A,N/A,4.1
静岡県,N/A,N/A,N/A,N/A,4.3
静岡県,N/A,N/A,N/A,N/A,3.9
静岡県,N/A,N/A,N/A,N/A,4.0
静岡県,N/A,N/A,N/A,N/A,4.0
静岡県,N/A,N/A,N/A,N/A,3.9
静岡県,N/A,N/A,N/A,N/A,4.3
静岡県,N/A,N/A,N/A,N/A,4.4
静岡県,N/A,N/A,N/A,N/A,4.2
静岡県,N/A,N/A,N/A,N/A,3.9
静岡県,N/A,N/A,N/A,N/A,4.0
愛知県,N/A,N/A,N/A,N/A,4.3
愛知県,N/A,N/A,N/A,N/A,5.0
愛知県,N/A,N/A,N/A,N/A,4.2
愛知県,N/A,N/A,N/A,N/A,3.7
愛知県,N/A,N/A,N/A,N/A,4.0
愛知県,N/A,N/A,N/A,N/A,4.1
愛知県,N/A,N/A,N/A,N/A,4.1
愛知県,N/A,N/A,N/A,N/A,4.3
愛知県,N/A,N/A,N/A,N/A,4.3
愛知県,N/A,N/A,N/A,N/A,4.1
愛知県,N/A,N/A,N/A,N/A,4.4
愛知県,N/A,N/A,N/A,N/A,4.0
愛知県,N/A,N/A,N/A,N/A,4.0
愛知県,N/A,N/A,N/A,N/A,4.7
愛知県,N/A,N/A,N/A,N/A,3.3
愛知県,N/A,N/A,N/A,N/A,4.1
愛知県,N/A,N/A,N/A,N/A,3.6
愛知県,N/A,N/A,N/A,N/A,3.7
愛知県,N/A,N/A,N/A,N/A,4.3
愛知県,N/A,N/A,N/A,N/A,4.3
愛知県,N/A,N/A,N/A,N/A,4.3
愛知県,N/A,N/A,N/A,N/A,3.6
愛知県,N/A,N/A,N/A,N/A,4.3
愛知県,N/A,N/A,N/A,N/A,3.9
愛知県,N/A,N/A,N/A,N/A,4.3
愛知県,N/A,N/A,N/A,N/A,4.0
愛知県,N/A,N/A,N/A,N/A,4.1
愛知県,N/A,N/A,N/A,N/A,4.1
愛知県,N/A,N/A,N/A,N/A,4.3
愛知県,N/A,N/A,N/A,N/A,4.0
三重県,N/A,N/A,N/A,N/A,4.6
三重県,N/A,N/A,N/A,N/A,4.3
三重県,N/A,N/A,N/A,N/A,4.3
三重県,N/A,N/A,N/A,N/A,4.2
三重県,N/A,N/A,N/A,N/A,4.3
三重県,N/A,N/A,N/A,N/A,4.8
三重県,N/A,N/A,N/A,N/A,4.1
三重県,N/A,N/A,N/A,N/A,4.1
三重県,N/A,N/A,N/A,N/A,4.5
三重県,N/A,N/A,N/A,N/A,4.4
三重県,N/A,N/A,N/A,N/A,4.2
三重県,N/A,N/A,N/A,N/A,2.8
三重県,N/A,N/A,N/A,N/A,4.1
三重県,N/A,N/A,N/A,N/A,4.0
三重県,N/A,N/A,N/A,N/A,4.3
三重県,N/A,N/A,N/A,N/A,4.1
三重県,N/A,N/A,N/A,N/A,4.2
三重県,N/A,N/A,N/A,N/A,0.0
三重県,N/A,N/A,N/A,N/A,4.1
三重県,N/A,N/A,N/A,N/A,4.2
三重県,N/A,N/A,N/A,N/A,4.4
三重県,N/A,N/A,N/A,N/A,4.3
三重県,N/A,N/A,N/A,N/A,4.4
三重県,N/A,N/A,N/A,N/A,3.7
三重県,N/A,N/A,N/A,N/A,4.1
三重県,N/A,N/A,N/A,N/A,4.2
三重県,N/A,N/A,N/A,N/A,3.8
三重県,N/A,N/A,N/A,N/A,3.9
三重県,N/A,N/A,N/A,N/A,4.3
三重県,N/A,N/A,N/A,N/A,4.0
滋賀県,N/A,N/A,N/A,N/A,4.0
滋賀県,N/A,N/A,N/A,N/A,4.1
滋賀県,N/A,N/A,N/A,N/A,4.5
滋賀県,N/A,N/A,N/A,N/A,4.0
滋賀県,N/A,N/A,N/A,N/A,4.2
滋賀県,N/A,N/A,N/A,N/A,4.7
滋賀県,N/A,N/A,N/A,N/A,5.0
滋賀県,N/A,N/A,N/A,N/A,4.3
滋賀県,N/A,N/A,N/A,N/A,4.7
滋賀県,N/A,N/A,N/A,N/A,3.9
滋賀県,N/A,N/A,N/A,N/A,4.8
滋賀県,N/A,N/A,N/A,N/A,4.0
滋賀県,N/A,N/A,N/A,N/A,4.2
滋賀県,N/A,N/A,N/A,N/A,3.7
滋賀県,N/A,N/A,N/A,N/A,4.0
滋賀県,N/A,N/A,N/A,N/A,4.0
滋賀県,N/A,N/A,N/A,N/A,4.2
滋賀県,N/A,N/A,N/A,N/A,4.0
滋賀県,N/A,N/A,N/A,N/A,4.4
滋賀県,N/A,N/A,N/A,N/A,3.6
滋賀県,N/A,N/A,N/A,N/A,0.0
滋賀県,N/A,N/A,N/A,N/A,4.4
滋賀県,N/A,N/A,N/A,N/A,3.9
滋賀県,N/A,N/A,N/A,N/A,4.3
滋賀県,N/A,N/A,N/A,N/A,4.7
滋賀県,N/A,N/A,N/A,N/A,4.4
滋賀県,N/A,N/A,N/A,N/A,4.9
滋賀県,N/A,N/A,N/A,N/A,4.3
滋賀県,N/A,N/A,N/A,N/A,4.2
滋賀県,N/A,N/A,N/A,N/A,4.3
京都府,N/A,N/A,N/A,N/A,4.7
京都府,N/A,N/A,N/A,N/A,4.4
京都府,N/A,N/A,N/A,N/A,4.3
京都府,N/A,N/A,N/A,N/A,4.3
京都府,N/A,N/A,N/A,N/A,3.9
京都府,N/A,N/A,N/A,N/A,4.6
京都府,N/A,N/A,N/A,N/A,4.1
京都府,N/A,N/A,N/A,N/A,4.2
京都府,N/A,N/A,N/A,N/A,4.3
京都府,N/A,N/A,N/A,N/A,4.4
京都府,N/A,N/A,N/A,N/A,4.8
京都府,N/A,N/A,N/A,N/A,4.8
京都府,N/A,N/A,N/A,N/A,3.8
京都府,N/A,N/A,N/A,N/A,4.1
京都府,N/A,N/A,N/A,N/A,4.0
京都府,N/A,N/A,N/A,N/A,4.0
京都府,N/A,N/A,N/A,N/A,3.8
京都府,N/A,N/A,N/A,N/A,4.7
京都府,N/A,N/A,N/A,N/A,4.3
京都府,N/A,N/A,N/A,N/A,4.2
京都府,N/A,N/A,N/A,N/A,3.8
京都府,N/A,N/A,N/A,N/A,4.3
京都府,N/A,N/A,N/A,N/A,4.3
京都府,N/A,N/A,N/A,N/A,3.9
京都府,N/A,N/A,N/A,N/A,3.6
京都府,N/A,N/A,N/A,N/A,3.9
京都府,N/A,N/A,N/A,N/A,4.6
京都府,N/A,N/A,N/A,N/A,4.3
京都府,N/A,N/A,N/A,N/A,4.0
京都府,N/A,N/A,N/A,N/A,3.6
大阪府,N/A,N/A,N/A,N/A,3.5
大阪府,N/A,N/A,N/A,N/A,4.2
大阪府,N/A,N/A,N/A,N/A,4.1
大阪府,N/A,N/A,N/A,N/A,4.0
大阪府,N/A,N/A,N/A,N/A,4.8
大阪府,N/A,N/A,N/A,N/A,4.5
大阪府,N/A,N/A,N/A,N/A,4.2
大阪府,N/A,N/A,N/A,N/A,0.0
大阪府,N/A,N/A,N/A,N/A,4.1
大阪府,N/A,N/A,N/A,N/A,4.4
大阪府,N/A,N/A,N/A,N/A,4.6
大阪府,N/A,N/A,N/A,N/A,3.0
大阪府,N/A,N/A,N/A,N/A,3.8
大阪府,N/A,N/A,N/A,N/A,4.1
大阪府,N/A,N/A,N/A,N/A,4.1
大阪府,N/A,N/A,N/A,N/A,4.0
大阪府,N/A,N/A,N/A,N/A,4.5
大阪府,N/A,N/A,N/A,N/A,4.2
大阪府,N/A,N/A,N/A,N/A,4.0
大阪府,N/A,N/A,N/A,N/A,3.3
大阪府,N/A,N/A,N/A,N/A,4.9
大阪府,N/A,N/A,N/A,N/A,4.2
大阪府,N/A,N/A,N/A,N/A,3.9
大阪府,N/A,N/A,N/A,N/A,4.1
大阪府,N/A,N/A,N/A,N/A,4.2
大阪府,N/A,N/A,N/A,N/A,4.1
大阪府,N/A,N/A,N/A,N/A,4.6
大阪府,N/A,N/A,N/A,N/A,4.5
大阪府,N/A,N/A,N/A,N/A,4.1
大阪府,N/A,N/A,N/A,N/A,3.9
兵庫県,N/A,N/A,N/A,N/A,4.7
兵庫県,N/A,N/A,N/A,N/A,4.7
兵庫県,N/A,N/A,N/A,N/A,3.7
兵庫県,N/A,N/A,N/A,N/A,4.8
兵庫県,N/A,N/A,N/A,N/A,4.4
兵庫県,N/A,N/A,N/A,N/A,4.2
兵庫県,N/A,N/A,N/A,N/A,4.9
兵庫県,N/A,N/A,N/A,N/A,3.6
兵庫県,N/A,N/A,N/A,N/A,4.3
兵庫県,N/A,N/A,N/A,N/A,4.2
兵庫県,N/A,N/A,N/A,N/A,4.3
兵庫県,N/A,N/A,N/A,N/A,4.0
兵庫県,N/A,N/A,N/A,N/A,4.2
兵庫県,N/A,N/A,N/A,N/A,4.1
兵庫県,N/A,N/A,N/A,N/A,4.1
兵庫県,N/A,N/A,N/A,N/A,3.9
兵庫県,N/A,N/A,N/A,N/A,4.3
兵庫県,N/A,N/A,N/A,N/A,4.7
兵庫県,N/A,N/A,N/A,N/A,4.3
兵庫県,N/A,N/A,N/A,N/A,4.3
兵庫県,N/A,N/A,N/A,N/A,4.7
兵庫県,N/A,N/A,N/A,N/A,4.6
兵庫県,N/A,N/A,N/A,N/A,4.2
兵庫県,N/A,N/A,N/A,N/A,4.3
兵庫県,N/A,N/A,N/A,N/A,4.8
兵庫県,N/A,N/A,N/A,N/A,3.9
兵庫県,N/A,N/A,N/A,N/A,4.2
兵庫県,N/A,N/A,N/A,N/A,4.2
兵庫県,N/A,N/A,N/A,N/A,4.2
兵庫県,N/A,N/A,N/A,N/A,5.0
奈良県,N/A,N/A,N/A,N/A,3.8
奈良県,N/A,N/A,N/A,N/A,4.4
奈良県,N/A,N/A,N/A,N/A,4.1
奈良県,N/A,N/A,N/A,N/A,4.3
奈良県,N/A,N/A,N/A,N/A,2.7
奈良県,N/A,N/A,N/A,N/A,4.3
奈良県,N/A,N/A,N/A,N/A,4.5
奈良県,N/A,N/A,N/A,N/A,4.6
奈良県,N/A,N/A,N/A,N/A,4.3
奈良県,N/A,N/A,N/A,N/A,4.1
奈良県,N/A,N/A,N/A,N/A,4.2
奈良県,N/A,N/A,N/A,N/A,4.0
奈良県,N/A,N/A,N/A,N/A,4.1
奈良県,N/A,N/A,N/A,N/A,4.5
奈良県,N/A,N/A,N/A,N/A,4.2
奈良県,N/A,N/A,N/A,N/A,4.5
奈良県,N/A,N/A,N/A,N/A,4.4
奈良県,N/A,N/A,N/A,N/A,4.3
奈良県,N/A,N/A,N/A,N/A,3.6
奈良県,N/A,N/A,N/A,N/A,4.8
奈良県,N/A,N/A,N/A,N/A,3.0
奈良県,N/A,N/A,N/A,N/A,4.2
奈良県,N/A,N/A,N/A,N/A,4.3
奈良県,N/A,N/A,N/A,N/A,3.9
奈良県,N/A,N/A,N/A,N/A,4.9
奈良県,N/A,N/A,N/A,N/A,3.9
奈良県,N/A,N/A,N/A,N/A,4.0
奈良県,N/A,N/A,N/A,N/A,4.1
奈良県,N/A,N/A,N/A,N/A,4.2
奈良県,N/A,N/A,N/A,N/A,4.2
和歌山県,N/A,N/A,N/A,N/A,4.5
和歌山県,N/A,N/A,N/A,N/A,4.4
和歌山県,N/A,N/A,N/A,N/A,4.3
和歌山県,N/A,N/A,N/A,N/A,4.4
和歌山県,N/A,N/A,N/A,N/A,4.5
和歌山県,N/A,N/A,N/A,N/A,4.7
和歌山県,N/A,N/A,N/A,N/A,4.9
和歌山県,N/A,N/A,N/A,N/A,4.0
和歌山県,N/A,N/A,N/A,N/A,4.1
和歌山県,N/A,N/A,N/A,N/A,4.2
和歌山県,N/A,N/A,N/A,N/A,4.1
和歌山県,N/A,N/A,N/A,N/A,4.4
和歌山県,N/A,N/A,N/A,N/A,4.3
和歌山県,N/A,N/A,N/A,N/A,4.4
和歌山県,N/A,N/A,N/A,N/A,4.0
和歌山県,N/A,N/A,N/A,N/A,4.3
和歌山県,N/A,N/A,N/A,N/A,3.9
和歌山県,N/A,N/A,N/A,N/A,4.4
和歌山県,N/A,N/A,N/A,N/A,4.2
和歌山県,N/A,N/A,N/A,N/A,4.1
和歌山県,N/A,N/A,N/A,N/A,3.8
和歌山県,N/A,N/A,N/A,N/A,4.0
和歌山県,N/A,N/A,N/A,N/A,4.1
和歌山県,N/A,N/A,N/A,N/A,4.1
和歌山県,N/A,N/A,N/A,N/A,3.9
和歌山県,N/A,N/A,N/A,N/A,4.5
和歌山県,N/A,N/A,N/A,N/A,4.3
和歌山県,N/A,N/A,N/A,N/A,3.5
和歌山県,N/A,N/A,N/A,N/A,4.1
和歌山県,N/A,N/A,N/A,N/A,4.3
鳥取県,N/A,N/A,N/A,N/A,4.1
鳥取県,N/A,N/A,N/A,N/A,4.4
鳥取県,N/A,N/A,N/A,N/A,4.1
鳥取県,N/A,N/A,N/A,N/A,4.2
鳥取県,N/A,N/A,N/A,N/A,3.9
鳥取県,N/A,N/A,N/A,N/A,3.6
鳥取県,N/A,N/A,N/A,N/A,5.0
鳥取県,N/A,N/A,N/A,N/A,4.3
鳥取県,N/A,N/A,N/A,N/A,5.0
鳥取県,N/A,N/A,N/A,N/A,3.9
鳥取県,N/A,N/A,N/A,N/A,4.2
鳥取県,N/A,N/A,N/A,N/A,4.3
鳥取県,N/A,N/A,N/A,N/A,4.0
鳥取県,N/A,N/A,N/A,N/A,3.8
鳥取県,N/A,N/A,N/A,N/A,3.9
鳥取県,N/A,N/A,N/A,N/A,3.8
鳥取県,N/A,N/A,N/A,N/A,3.9
鳥取県,N/A,N/A,N/A,N/A,5.0
鳥取県,N/A,N/A,N/A,N/A,4.2
鳥取県,N/A,N/A,N/A,N/A,5.0
鳥取県,N/A,N/A,N/A,N/A,4.4
鳥取県,N/A,N/A,N/A,N/A,4.1
鳥取県,N/A,N/A,N/A,N/A,3.8
鳥取県,N/A,N/A,N/A,N/A,4.5
鳥取県,N/A,N/A,N/A,N/A,4.2
鳥取県,N/A,N/A,N/A,N/A,4.6
鳥取県,N/A,N/A,N/A,N/A,4.1
鳥取県,N/A,N/A,N/A,N/A,4.0
鳥取県,N/A,N/A,N/A,N/A,4.2
鳥取県,N/A,N/A,N/A,N/A,4.3
島根県,N/A,N/A,N/A,N/A,4.5
島根県,N/A,N/A,N/A,N/A,4.3
島根県,N/A,N/A,N/A,N/A,3.6
島根県,N/A,N/A,N/A,N/A,4.3
島根県,N/A,N/A,N/A,N/A,4.7
島根県,N/A,N/A,N/A,N/A,4.2
島根県,N/A,N/A,N/A,N/A,4.2
島根県,N/A,N/A,N/A,N/A,4.3
島根県,N/A,N/A,N/A,N/A,4.5
島根県,N/A,N/A,N/A,N/A,4.0
島根県,N/A,N/A,N/A,N/A,4.4
島根県,N/A,N/A,N/A,N/A,4.3
島根県,N/A,N/A,N/A,N/A,4.4
島根県,N/A,N/A,N/A,N/A,4.0
島根県,N/A,N/A,N/A,N/A,4.2
島根県,N/A,N/A,N/A,N/A,4.6
島根県,N/A,N/A,N/A,N/A,4.3
島根県,N/A,N/A,N/A,N/A,3.6
島根県,N/A,N/A,N/A,N/A,4.4
島根県,N/A,N/A,N/A,N/A,4.5
島根県,N/A,N/A,N/A,N/A,4.3
島根県,N/A,N/A,N/A,N/A,4.5
島根県,N/A,N/A,N/A,N/A,4.4
島根県,N/A,N/A,N/A,N/A,3.9
島根県,N/A,N/A,N/A,N/A,0.0
島根県,N/A,N/A,N/A,N/A,4.9
島根県,N/A,N/A,N/A,N/A,4.0
島根県,N/A,N/A,N/A,N/A,3.7
島根県,N/A,N/A,N/A,N/A,4.0
島根県,N/A,N/A,N/A,N/A,3.8
岡山県,N/A,N/A,N/A,N/A,4.5
岡山県,N/A,N/A,N/A,N/A,4.3
岡山県,N/A,N/A,N/A,N/A,4.2
岡山県,N/A,N/A,N/A,N/A,4.2
岡山県,N/A,N/A,N/A,N/A,4.3
岡山県,N/A,N/A,N/A,N/A,3.9
岡山県,N/A,N/A,N/A,N/A,4.5
岡山県,N/A,N/A,N/A,N/A,4.5
岡山県,N/A,N/A,N/A,N/A,4.5
岡山県,N/A,N/A,N/A,N/A,3.5
岡山県,N/A,N/A,N/A,N/A,4.4
岡山県,N/A,N/A,N/A,N/A,4.8
岡山県,N/A,N/A,N/A,N/A,4.2
岡山県,N/A,N/A,N/A,N/A,4.7
岡山県,N/A,N/A,N/A,N/A,3.8
岡山県,N/A,N/A,N/A,N/A,4.2
岡山県,N/A,N/A,N/A,N/A,3.9
岡山県,N/A,N/A,N/A,N/A,4.3
岡山県,N/A,N/A,N/A,N/A,4.1
岡山県,N/A,N/A,N/A,N/A,4.0
岡山県,N/A,N/A,N/A,N/A,3.7
岡山県,N/A,N/A,N/A,N/A,4.3
岡山県,N/A,N/A,N/A,N/A,4.3
岡山県,N/A,N/A,N/A,N/A,3.5
岡山県,N/A,N/A,N/A,N/A,4.5
岡山県,N/A,N/A,N/A,N/A,3.9
岡山県,N/A,N/A,N/A,N/A,4.1
岡山県,N/A,N/A,N/A,N/A,4.8
岡山県,N/A,N/A,N/A,N/A,3.8
岡山県,N/A,N/A,N/A,N/A,4.0
広島県,N/A,N/A,N/A,N/A,4.5
広島県,N/A,N/A,N/A,N/A,4.4
広島県,N/A,N/A,N/A,N/A,4.1
広島県,N/A,N/A,N/A,N/A,4.4
広島県,N/A,N/A,N/A,N/A,4.1
広島県,N/A,N/A,N/A,N/A,4.3
広島県,N/A,N/A,N/A,N/A,4.3
広島県,N/A,N/A,N/A,N/A,4.4
広島県,N/A,N/A,N/A,N/A,4.2
広島県,N/A,N/A,N/A,N/A,3.9
広島県,N/A,N/A,N/A,N/A,4.3
広島県,N/A,N/A,N/A,N/A,4.1
広島県,N/A,N/A,N/A,N/A,3.9
広島県,N/A,N/A,N/A,N/A,4.3
広島県,N/A,N/A,N/A,N/A,3.0
広島県,N/A,N/A,N/A,N/A,4.1
広島県,N/A,N/A,N/A,N/A,4.7
広島県,N/A,N/A,N/A,N/A,4.1
広島県,N/A,N/A,N/A,N/A,4.0
広島県,N/A,N/A,N/A,N/A,4.3
広島県,N/A,N/A,N/A,N/A,3.9
広島県,N/A,N/A,N/A,N/A,3.8
広島県,N/A,N/A,N/A,N/A,4.2
広島県,N/A,N/A,N/A,N/A,4.1
広島県,N/A,N/A,N/A,N/A,4.8
広島県,N/A,N/A,N/A,N/A,4.4
広島県,N/A,N/A,N/A,N/A,4.4
広島県,N/A,N/A,N/A,N/A,4.2
広島県,N/A,N/A,N/A,N/A,4.0
広島県,N/A,N/A,N/A,N/A,5.0
山口県,N/A,N/A,N/A,N/A,4.1
山口県,N/A,N/A,N/A,N/A,4.1
山口県,N/A,N/A,N/A,N/A,4.2
山口県,N/A,N/A,N/A,N/A,4.4
山口県,N/A,N/A,N/A,N/A,4.2
山口県,N/A,N/A,N/A,N/A,4.3
山口県,N/A,N/A,N/A,N/A,4.1
山口県,N/A,N/A,N/A,N/A,4.0
山口県,N/A,N/A,N/A,N/A,4.2
山口県,N/A,N/A,N/A,N/A,4.1
山口県,N/A,N/A,N/A,N/A,4.2
山口県,N/A,N/A,N/A,N/A,4.2
山口県,N/A,N/A,N/A,N/A,4.2
山口県,N/A,N/A,N/A,N/A,4.2
山口県,N/A,N/A,N/A,N/A,4.2
山口県,N/A,N/A,N/A,N/A,4.5
山口県,N/A,N/A,N/A,N/A,4.6
山口県,N/A,N/A,N/A,N/A,4.9
山口県,N/A,N/A,N/A,N/A,3.9
山口県,N/A,N/A,N/A,N/A,4.3
山口県,N/A,N/A,N/A,N/A,4.3
山口県,N/A,N/A,N/A,N/A,4.2
山口県,N/A,N/A,N/A,N/A,4.3
山口県,N/A,N/A,N/A,N/A,4.3
山口県,N/A,N/A,N/A,N/A,4.2
山口県,N/A,N/A,N/A,N/A,3.8
山口県,N/A,N/A,N/A,N/A,4.2
山口県,N/A,N/A,N/A,N/A,4.5
山口県,N/A,N/A,N/A,N/A,4.1
山口県,N/A,N/A,N/A,N/A,4.1
徳島県,N/A,N/A,N/A,N/A,4.5
徳島県,N/A,N/A,N/A,N/A,4.2
徳島県,N/A,N/A,N/A,N/A,4.8
徳島県,N/A,N/A,N/A,N/A,5.0
徳島県,N/A,N/A,N/A,N/A,3.9
徳島県,N/A,N/A,N/A,N/A,3.7
徳島県,N/A,N/A,N/A,N/A,4.1
徳島県,N/A,N/A,N/A,N/A,3.6
徳島県,N/A,N/A,N/A,N/A,4.3
徳島県,N/A,N/A,N/A,N/A,4.9
徳島県,N/A,N/A,N/A,N/A,4.6
徳島県,N/A,N/A,N/A,N/A,4.1
徳島県,N/A,N/A,N/A,N/A,3.9
徳島県,N/A,N/A,N/A,N/A,4.5
徳島県,N/A,N/A,N/A,N/A,4.1
徳島県,N/A,N/A,N/A,N/A,4.2
徳島県,N/A,N/A,N/A,N/A,4.8
徳島県,N/A,N/A,N/A,N/A,4.8
徳島県,N/A,N/A,N/A,N/A,4.4
徳島県,N/A,N/A,N/A,N/A,4.8
徳島県,N/A,N/A,N/A,N/A,4.1
徳島県,N/A,N/A,N/A,N/A,4.9
徳島県,N/A,N/A,N/A,N/A,3.8
徳島県,N/A,N/A,N/A,N/A,4.3
徳島県,N/A,N/A,N/A,N/A,4.5
徳島県,N/A,N/A,N/A,N/A,4.3
徳島県,N/A,N/A,N/A,N/A,4.0
徳島県,N/A,N/A,N/A,N/A,4.2
徳島県,N/A,N/A,N/A,N/A,0.0
徳島県,N/A,N/A,N/A,N/A,4.2
香川県,N/A,N/A,N/A,N/A,4.3
香川県,N/A,N/A,N/A,N/A,4.3
香川県,N/A,N/A,N/A,N/A,4.1
香川県,N/A,N/A,N/A,N/A,4.4
香川県,N/A,N/A,N/A,N/A,4.4
香川県,N/A,N/A,N/A,N/A,4.2
香川県,N/A,N/A,N/A,N/A,4.2
香川県,N/A,N/A,N/A,N/A,3.9
香川県,N/A,N/A,N/A,N/A,4.7
香川県,N/A,N/A,N/A,N/A,4.1
香川県,N/A,N/A,N/A,N/A,4.8
香川県,N/A,N/A,N/A,N/A,4.4
香川県,N/A,N/A,N/A,N/A,4.5
香川県,N/A,N/A,N/A,N/A,4.1
香川県,N/A,N/A,N/A,N/A,4.1
香川県,N/A,N/A,N/A,N/A,4.2
香川県,N/A,N/A,N/A,N/A,4.1
香川県,N/A,N/A,N/A,N/A,4.1
香川県,N/A,N/A,N/A,N/A,3.9
香川県,N/A,N/A,N/A,N/A,4.9
香川県,N/A,N/A,N/A,N/A,4.0
香川県,N/A,N/A,N/A,N/A,4.3
香川県,N/A,N/A,N/A,N/A,4.1
香川県,N/A,N/A,N/A,N/A,0.0
香川県,N/A,N/A,N/A,N/A,4.3
香川県,N/A,N/A,N/A,N/A,4.2
香川県,N/A,N/A,N/A,N/A,4.0
香川県,N/A,N/A,N/A,N/A,4.8
香川県,N/A,N/A,N/A,N/A,4.2
香川県,N/A,N/A,N/A,N/A,4.2
愛媛県,N/A,N/A,N/A,N/A,4.7
愛媛県,N/A,N/A,N/A,N/A,4.3
愛媛県,N/A,N/A,N/A,N/A,4.3
愛媛県,N/A,N/A,N/A,N/A,4.2
愛媛県,N/A,N/A,N/A,N/A,4.1
愛媛県,N/A,N/A,N/A,N/A,4.0
愛媛県,N/A,N/A,N/A,N/A,4.2
愛媛県,N/A,N/A,N/A,N/A,4.3
愛媛県,N/A,N/A,N/A,N/A,4.2
愛媛県,N/A,N/A,N/A,N/A,4.0
愛媛県,N/A,N/A,N/A,N/A,4.1
愛媛県,N/A,N/A,N/A,N/A,4.1
愛媛県,N/A,N/A,N/A,N/A,4.4
愛媛県,N/A,N/A,N/A,N/A,4.1
愛媛県,N/A,N/A,N/A,N/A,4.5
愛媛県,N/A,N/A,N/A,N/A,4.8
愛媛県,N/A,N/A,N/A,N/A,4.1
愛媛県,N/A,N/A,N/A,N/A,4.9
愛媛県,N/A,N/A,N/A,N/A,4.5
愛媛県,N/A,N/A,N/A,N/A,4.2
愛媛県,N/A,N/A,N/A,N/A,4.0
愛媛県,N/A,N/A,N/A,N/A,4.3
愛媛県,N/A,N/A,N/A,N/A,4.0
愛媛県,N/A,N/A,N/A,N/A,4.7
愛媛県,N/A,N/A,N/A,N/A,4.3
愛媛県,N/A,N/A,N/A,N/A,5.0
愛媛県,N/A,N/A,N/A,N/A,4.1
愛媛県,N/A,N/A,N/A,N/A,4.0
愛媛県,N/A,N/A,N/A,N/A,4.8
愛媛県,N/A,N/A,N/A,N/A,4.8
高知県,N/A,N/A,N/A,N/A,4.2
高知県,N/A,N/A,N/A,N/A,4.2
高知県,N/A,N/A,N/A,N/A,4.1
高知県,N/A,N/A,N/A,N/A,4.8
高知県,N/A,N/A,N/A,N/A,4.2
高知県,N/A,N/A,N/A,N/A,4.1
高知県,N/A,N/A,N/A,N/A,4.4
高知県,N/A,N/A,N/A,N/A,4.3
高知県,N/A,N/A,N/A,N/A,4.2
高知県,N/A,N/A,N/A,N/A,4.2
高知県,N/A,N/A,N/A,N/A,3.1
高知県,N/A,N/A,N/A,N/A,4.1
高知県,N/A,N/A,N/A,N/A,4.1
高知県,N/A,N/A,N/A,N/A,4.4
高知県,N/A,N/A,N/A,N/A,4.5
高知県,N/A,N/A,N/A,N/A,4.1
高知県,N/A,N/A,N/A,N/A,4.1
高知県,N/A,N/A,N/A,N/A,4.4
高知県,N/A,N/A,N/A,N/A,4.3
高知県,N/A,N/A,N/A,N/A,4.2
高知県,N/A,N/A,N/A,N/A,3.8
高知県,N/A,N/A,N/A,N/A,4.3
高知県,N/A,N/A,N/A,N/A,4.2
高知県,N/A,N/A,N/A,N/A,4.3
高知県,N/A,N/A,N/A,N/A,4.4
高知県,N/A,N/A,N/A,N/A,4.0
高知県,N/A,N/A,N/A,N/A,4.1
高知県,N/A,N/A,N/A,N/A,0.0
高知県,N/A,N/A,N/A,N/A,4.1
高知県,N/A,N/A,N/A,N/A,4.0
福岡県,N/A,N/A,N/A,N/A,4.6
福岡県,N/A,N/A,N/A,N/A,4.4
福岡県,N/A,N/A,N/A,N/A,4.8
福岡県,N/A,N/A,N/A,N/A,4.7
福岡県,N/A,N/A,N/A,N/A,4.3
福岡県,N/A,N/A,N/A,N/A,4.4
福岡県,N/A,N/A,N/A,N/A,4.6
福岡県,N/A,N/A,N/A,N/A,4.5
福岡県,N/A,N/A,N/A,N/A,4.3
福岡県,N/A,N/A,N/A,N/A,4.2
福岡県,N/A,N/A,N/A,N/A,4.0
福岡県,N/A,N/A,N/A,N/A,4.3
福岡県,N/A,N/A,N/A,N/A,3.9
福岡県,N/A,N/A,N/A,N/A,4.3
福岡県,N/A,N/A,N/A,N/A,4.1
福岡県,N/A,N/A,N/A,N/A,4.3
福岡県,N/A,N/A,N/A,N/A,4.8
福岡県,N/A,N/A,N/A,N/A,5.0
福岡県,N/A,N/A,N/A,N/A,4.2
福岡県,N/A,N/A,N/A,N/A,4.1
福岡県,N/A,N/A,N/A,N/A,4.2
福岡県,N/A,N/A,N/A,N/A,4.1
福岡県,N/A,N/A,N/A,N/A,4.5
福岡県,N/A,N/A,N/A,N/A,4.2
福岡県,N/A,N/A,N/A,N/A,4.2
福岡県,N/A,N/A,N/A,N/A,4.5
福岡県,N/A,N/A,N/A,N/A,4.3
福岡県,N/A,N/A,N/A,N/A,4.4
福岡県,N/A,N/A,N/A,N/A,4.1
福岡県,N/A,N/A,N/A,N/A,4.0
佐賀県,N/A,N/A,N/A,N/A,3.5
佐賀県,N/A,N/A,N/A,N/A,4.7
佐賀県,N/A,N/A,N/A,N/A,4.5
佐賀県,N/A,N/A,N/A,N/A,3.9
佐賀県,N/A,N/A,N/A,N/A,4.2
佐賀県,N/A,N/A,N/A,N/A,4.5
佐賀県,N/A,N/A,N/A,N/A,4.2
佐賀県,N/A,N/A,N/A,N/A,3.9
佐賀県,N/A,N/A,N/A,N/A,4.5
佐賀県,N/A,N/A,N/A,N/A,0.0
佐賀県,N/A,N/A,N/A,N/A,4.3
佐賀県,N/A,N/A,N/A,N/A,3.4
佐賀県,N/A,N/A,N/A,N/A,4.4
佐賀県,N/A,N/A,N/A,N/A,4.1
佐賀県,N/A,N/A,N/A,N/A,4.1
佐賀県,N/A,N/A,N/A,N/A,3.7
佐賀県,N/A,N/A,N/A,N/A,4.2
佐賀県,N/A,N/A,N/A,N/A,3.7
佐賀県,N/A,N/A,N/A,N/A,3.9
佐賀県,N/A,N/A,N/A,N/A,4.1
佐賀県,N/A,N/A,N/A,N/A,4.0
佐賀県,N/A,N/A,N/A,N/A,4.0
佐賀県,N/A,N/A,N/A,N/A,4.0
佐賀県,N/A,N/A,N/A,N/A,4.1
佐賀県,N/A,N/A,N/A,N/A,4.2
佐賀県,N/A,N/A,N/A,N/A,3.1
佐賀県,N/A,N/A,N/A,N/A,4.2
佐賀県,N/A,N/A,N/A,N/A,4.4
佐賀県,N/A,N/A,N/A,N/A,4.0
佐賀県,N/A,N/A,N/A,N/A,4.1
長崎県,N/A,N/A,N/A,N/A,4.5
長崎県,N/A,N/A,N/A,N/A,4.4
長崎県,N/A,N/A,N/A,N/A,4.2
長崎県,N/A,N/A,N/A,N/A,4.3
長崎県,N/A,N/A,N/A,N/A,4.1
長崎県,N/A,N/A,N/A,N/A,4.4
長崎県,N/A,N/A,N/A,N/A,3.9
長崎県,N/A,N/A,N/A,N/A,3.8
長崎県,N/A,N/A,N/A,N/A,4.0
長崎県,N/A,N/A,N/A,N/A,4.3
長崎県,N/A,N/A,N/A,N/A,4.1
長崎県,N/A,N/A,N/A,N/A,3.9
長崎県,N/A,N/A,N/A,N/A,4.3
長崎県,N/A,N/A,N/A,N/A,3.8
長崎県,N/A,N/A,N/A,N/A,4.1
長崎県,N/A,N/A,N/A,N/A,4.3
長崎県,N/A,N/A,N/A,N/A,4.6
長崎県,N/A,N/A,N/A,N/A,4.0
長崎県,N/A,N/A,N/A,N/A,4.3
長崎県,N/A,N/A,N/A,N/A,4.7
長崎県,N/A,N/A,N/A,N/A,3.9
長崎県,N/A,N/A,N/A,N/A,4.1
長崎県,N/A,N/A,N/A,N/A,4.3
長崎県,N/A,N/A,N/A,N/A,4.9
長崎県,N/A,N/A,N/A,N/A,4.8
長崎県,N/A,N/A,N/A,N/A,4.1
長崎県,N/A,N/A,N/A,N/A,4.1
長崎県,N/A,N/A,N/A,N/A,4.0
長崎県,N/A,N/A,N/A,N/A,4.4
長崎県,N/A,N/A,N/A,N/A,4.5
熊本県,N/A,N/A,N/A,N/A,4.3
熊本県,N/A,N/A,N/A,N/A,4.7
熊本県,N/A,N/A,N/A,N/A,4.2
熊本県,N/A,N/A,N/A,N/A,4.4
熊本県,N/A,N/A,N/A,N/A,4.9
熊本県,N/A,N/A,N/A,N/A,3.8
熊本県,N/A,N/A,N/A,N/A,4.1
熊本県,N/A,N/A,N/A,N/A,4.8
熊本県,N/A,N/A,N/A,N/A,4.1
熊本県,N/A,N/A,N/A,N/A,3.9
熊本県,N/A,N/A,N/A,N/A,4.4
熊本県,N/A,N/A,N/A,N/A,4.1
熊本県,N/A,N/A,N/A,N/A,4.2
熊本県,N/A,N/A,N/A,N/A,4.4
熊本県,N/A,N/A,N/A,N/A,4.2
熊本県,N/A,N/A,N/A,N/A,4.1
熊本県,N/A,N/A,N/A,N/A,4.1
熊本県,N/A,N/A,N/A,N/A,5.0
熊本県,N/A,N/A,N/A,N/A,4.1
熊本県,N/A,N/A,N/A,N/A,4.0
熊本県,N/A,N/A,N/A,N/A,3.9
熊本県,N/A,N/A,N/A,N/A,4.3
熊本県,N/A,N/A,N/A,N/A,4.6
熊本県,N/A,N/A,N/A,N/A,4.0
熊本県,N/A,N/A,N/A,N/A,4.2
熊本県,N/A,N/A,N/A,N/A,4.1
熊本県,N/A,N/A,N/A,N/A,4.7
熊本県,N/A,N/A,N/A,N/A,4.7
熊本県,N/A,N/A,N/A,N/A,4.0
熊本県,N/A,N/A,N/A,N/A,4.1
大分県,N/A,N/A,N/A,N/A,4.1
大分県,N/A,N/A,N/A,N/A,4.0
大分県,N/A,N/A,N/A,N/A,4.2
大分県,N/A,N/A,N/A,N/A,4.8
大分県,N/A,N/A,N/A,N/A,4.2
大分県,N/A,N/A,N/A,N/A,4.3
大分県,N/A,N/A,N/A,N/A,4.1
大分県,N/A,N/A,N/A,N/A,4.1
大分県,N/A,N/A,N/A,N/A,0.0
大分県,N/A,N/A,N/A,N/A,4.3
大分県,N/A,N/A,N/A,N/A,5.0
大分県,N/A,N/A,N/A,N/A,4.0
大分県,N/A,N/A,N/A,N/A,4.3
大分県,N/A,N/A,N/A,N/A,4.2
大分県,N/A,N/A,N/A,N/A,3.7
大分県,N/A,N/A,N/A,N/A,4.1
大分県,N/A,N/A,N/A,N/A,4.4
大分県,N/A,N/A,N/A,N/A,4.1
大分県,N/A,N/A,N/A,N/A,4.0
大分県,N/A,N/A,N/A,N/A,4.3
大分県,N/A,N/A,N/A,N/A,4.0
大分県,N/A,N/A,N/A,N/A,4.3
大分県,N/A,N/A,N/A,N/A,4.1
大分県,N/A,N/A,N/A,N/A,3.9
大分県,N/A,N/A,N/A,N/A,4.2
大分県,N/A,N/A,N/A,N/A,4.0
大分県,N/A,N/A,N/A,N/A,4.3
大分県,N/A,N/A,N/A,N/A,4.0
大分県,N/A,N/A,N/A,N/A,4.1
大分県,N/A,N/A,N/A,N/A,4.4
宮崎県,N/A,N/A,N/A,N/A,4.4
宮崎県,N/A,N/A,N/A,N/A,4.3
宮崎県,N/A,N/A,N/A,N/A,4.3
宮崎県,N/A,N/A,N/A,N/A,4.0
宮崎県,N/A,N/A,N/A,N/A,4.4
宮崎県,N/A,N/A,N/A,N/A,5.0
宮崎県,N/A,N/A,N/A,N/A,4.8
宮崎県,N/A,N/A,N/A,N/A,4.5
宮崎県,N/A,N/A,N/A,N/A,4.5
宮崎県,N/A,N/A,N/A,N/A,4.8
宮崎県,N/A,N/A,N/A,N/A,4.2
宮崎県,N/A,N/A,N/A,N/A,4.2
宮崎県,N/A,N/A,N/A,N/A,4.5
宮崎県,N/A,N/A,N/A,N/A,4.2
宮崎県,N/A,N/A,N/A,N/A,2.8
宮崎県,N/A,N/A,N/A,N/A,4.1
宮崎県,N/A,N/A,N/A,N/A,2.0
宮崎県,N/A,N/A,N/A,N/A,4.0
宮崎県,N/A,N/A,N/A,N/A,4.6
宮崎県,N/A,N/A,N/A,N/A,4.8
宮崎県,N/A,N/A,N/A,N/A,4.3
宮崎県,N/A,N/A,N/A,N/A,4.0
宮崎県,N/A,N/A,N/A,N/A,5.0
宮崎県,N/A,N/A,N/A,N/A,4.2
宮崎県,N/A,N/A,N/A,N/A,4.3
宮崎県,N/A,N/A,N/A,N/A,4.3
宮崎県,N/A,N/A,N/A,N/A,4.3
宮崎県,N/A,N/A,N/A,N/A,4.0
宮崎県,N/A,N/A,N/A,N/A,4.5
宮崎県,N/A,N/A,N/A,N/A,4.1
鹿児島県,N/A,N/A,N/A,N/A,3.8
鹿児島県,N/A,N/A,N/A,N/A,4.3
鹿児島県,N/A,N/A,N/A,N/A,4.2
鹿児島県,N/A,N/A,N/A,N/A,4.6
鹿児島県,N/A,N/A,N/A,N/A,4.7
鹿児島県,N/A,N/A,N/A,N/A,4.3
鹿児島県,N/A,N/A,N/A,N/A,4.2
鹿児島県,N/A,N/A,N/A,N/A,4.0
鹿児島県,N/A,N/A,N/A,N/A,4.5
鹿児島県,N/A,N/A,N/A,N/A,4.3
鹿児島県,N/A,N/A,N/A,N/A,4.3
鹿児島県,N/A,N/A,N/A,N/A,4.2
鹿児島県,N/A,N/A,N/A,N/A,4.2
鹿児島県,N/A,N/A,N/A,N/A,4.6
鹿児島県,N/A,N/A,N/A,N/A,4.1
鹿児島県,N/A,N/A,N/A,N/A,3.9
鹿児島県,N/A,N/A,N/A,N/A,4.2
鹿児島県,N/A,N/A,N/A,N/A,4.3
鹿児島県,N/A,N/A,N/A,N/A,4.7
鹿児島県,N/A,N/A,N/A,N/A,4.7
鹿児島県,N/A,N/A,N/A,N/A,4.4
鹿児島県,N/A,N/A,N/A,N/A,4.2
鹿児島県,N/A,N/A,N/A,N/A,4.0
鹿児島県,N/A,N/A,N/A,N/A,4.4
鹿児島県,N/A,N/A,N/A,N/A,4.3
鹿児島県,N/A,N/A,N/A,N/A,4.2
鹿児島県,N/A,N/A,N/A,N/A,4.2
鹿児島県,N/A,N/A,N/A,N/A,4.1
鹿児島県,N/A,N/A,N/A,N/A,3.8
鹿児島県,N/A,N/A,N/A,N/A,4.8
沖縄県,N/A,N/A,N/A,N/A,4.7
沖縄県,N/A,N/A,N/A,N/A,4.8
沖縄県,N/A,N/A,N/A,N/A,4.2
沖縄県,N/A,N/A,N/A,N/A,4.4
沖縄県,N/A,N/A,N/A,N/A,4.6
沖縄県,N/A,N/A,N/A,N/A,4.6
沖縄県,N/A,N/A,N/A,N/A,4.7
沖縄県,N/A,N/A,N/A,N/A,4.3
沖縄県,N/A,N/A,N/A,N/A,4.3
沖縄県,N/A,N/A,N/A,N/A,4.9
沖縄県,N/A,N/A,N/A,N/A,4.9
沖縄県,N/A,N/A,N/A,N/A,4.9
沖縄県,N/A,N/A,N/A,N/A,4.6
沖縄県,N/A,N/A,N/A,N/A,4.9
沖縄県,N/A,N/A,N/A,N/A,4.8
沖縄県,N/A,N/A,N/A,N/A,4.8
沖縄県,N/A,N/A,N/A,N/A,4.5
沖縄県,N/A,N/A,N/A,N/A,4.9
沖縄県,N/A,N/A,N/A,N/A,5.0
沖縄県,N/A,N/A,N/A,N/A,4.8
沖縄県,N/A,N/A,N/A,N/A,4.9
沖縄県,N/A,N/A,N/A,N/A,4.4
沖縄県,N/A,N/A,N/A,N/A,4.3
沖縄県,N/A,N/A,N/A,N/A,4.8
沖縄県,N/A,N/A,N/A,N/A,4.5
沖縄県,N/A,N/A,N/A,N/A,4.2
沖縄県,N/A,N/A,N/A,N/A,4.9
沖縄県,N/A,N/A,N/A,N/A,4.9
沖縄県,N/A,N/A,N/A,N/A,4.4
沖縄県,N/A,N/A,N/A,N/A,4.9
